url,name,address,city,state,phone
https://savageaccountinginc.com/,Savage Accounting,"36439 Edgington Rd, Soldotna, AK 99669",Soldotna,AK,(907) 953-5994
https://threeriversbookkeeping.com/,Three Rivers Bookkeeping,"32983 Mt Hunter Dr, Talkeetna, AK 99676",Talkeetna,AK,(907) 331-0208
https://akcpas.com/,"Lambe, Tuter & Associates APC","189 S Binkley St #201, Soldotna, AK 99669",Soldotna,AK,(907) 262-9123
https://www.karncpa.com/,"Karn and Associates, PC","1225 E International Airport Rd #105, Anchorage, AK 99518",Anchorage,AK,(907) 563-9143
http://www.alaska-cpas.com/,"Fosselman & Associates CPAS, Inc.","610 S Bailey St, Palmer, AK 99645",Palmer,AK,(907) 745-0135
http://www.rjgcpa.com/,RJG,"1100 W Barnette St #102, Fairbanks, AK 99701",Fairbanks,AK,(907) 452-4156
https://rwcpaak.com/,"Robinson & Ward PC, CPA Fairbanks","3098 Airport Way, Fairbanks, AK 99709",Fairbanks,AK,(907) 474-4576
http://www.prenesticpa.com/,"Prenesti, CPAs","201 Old Steese Hwy Ste 9, Fairbanks, AK 99701",Fairbanks,AK,(907) 474-4885
https://www.centpac.net/,"Centinel Pacific Accounting, LLC","370 Old Chena Pump Rd, Fairbanks, AK 99709",Fairbanks,AK,(907) 885-2735
http://www.ch-cpa.com/,Cook & Haugeberg LLC,"Suite #300, 119 N Cushman St, Fairbanks, AK 99701",Fairbanks,AK,(907) 456-7762
https://bb-tax-services.com/,BB Tax Services,"1255 Airport Way #5A, Fairbanks, AK 99701",Fairbanks,AK,(907) 451-0411
http://www.wwcpa.com/,Wilson & Wilson CPAs,"344 Minnie St, Fairbanks, AK 99701",Fairbanks,AK,(907) 456-8115
https://www.feniks.cpa/,Feniks & Co,"3500 Wolf Run, Fairbanks, AK 99709",Fairbanks,AK,(907) 474-1631
http://www.yukonac.com/,"Yukon Accounting & Consulting, Inc","810 Barnette St, Fairbanks, AK 99701",Fairbanks,AK,(907) 479-9863
http://chd1040.com/,"Clymer, Hall & Davis","3411 Airport Way, Fairbanks, AK 99709",Fairbanks,AK,(907) 452-1040
https://ledgerlogic.us/,Ledger Logic LLC,"1740 Tamarack St, Fairbanks, AK 99709",Fairbanks,AK,(907) 482-0002
http://www.basslercpa.com/,"Bassler & Redick CPAs, LLC","801 W Fireweed Ln STE 202, Anchorage, AK 99503",Anchorage,AK,(907) 272-2041
http://www.wks.cpa/,"WKS, A Professional Corporation","1292 Sadler Way #220, Fairbanks, AK 99701",Fairbanks,AK,(907) 456-2222
http://ias-ak.com/,Interior Accountants Services Inc,"913 College Rd, Fairbanks, AK 99701",Fairbanks,AK,(907) 456-1211
http://www.ancaccounting.com/,ANC Accounting,"701 Bidwill Ave #407, Fairbanks, AK 99701",Fairbanks,AK,(907) 452-2288
https://goldenheartbookkeeping.com/,Golden Heart Bookkeeping LLC,"250 Cushman St Unit 3c, Fairbanks, AK 99701",Fairbanks,AK,(907) 328-0414
http://www.akcpa.org/,Alaska Society of Certified Public Accountants,"2600 Cordova St #211, Anchorage, AK 99503",Anchorage,AK,(907) 562-4334
http://www.norbuaccounting.com/,Norbu Accounting Services,"794 University Ave #104, Fairbanks, AK 99709",Fairbanks,AK,(907) 978-8447
http://www.balancedcpas.com/,Balanced CPAs LLC,"310 K St Suite 401, Anchorage, AK 99501",Anchorage,AK,(907) 522-5445
http://www.1953.tax/,"Milner, Howard, Palmer & Edwards, CPAs (PC)","426 Main St, Ketchikan, AK 99901",Ketchikan,AK,(907) 225-1040
http://www.diehl.cpa/,Diehl CPA LLC,"1150 S Colony Way #11, Palmer, AK 99645",Palmer,AK,(907) 313-6933
https://chinookaccounting.com/contact-us,Chinook Accounting,"1716 University Ave S, Fairbanks, AK 99709",Fairbanks,AK,(907) 302-3494
https://payrollservicessolutions.com/,Payroll Services Solutions LLC,,Nenana,AK,(907) 750-6601
http://www.ha-ak.cpa/,Hutchings & Associates CPAs,"4141 B St STE 403, Anchorage, AK 99503",Anchorage,AK,(907) 563-2727
https://www.cpaalaska.com/,Laughlin Ogle & Rodgers LLC,"605 W Tudor Rd, Anchorage, AK 99503",Anchorage,AK,(907) 563-5270
http://sitkacpas.com/,"Poulos CPAs / Sitka CPA - Tax Preparation & Planning, Accounting & Financial Statements, Real Estate Consulting (WA)","Slip TF54, 617 Katlian St A2, Sitka, AK 99835",Sitka,AK,(907) 738-8262
http://www.kshcpa.com/,"Kohler, Schmitt & Hutchison PC","Jimmy Huntington Building, 714 4th Ave Unit 303, Fairbanks, AK 99701",Fairbanks,AK,(907) 456-6676
http://www.burcellak.com/,Burcell Bookkeeping LLC,,Nenana,AK,(907) 590-9026
https://stevensaccountingservices.com/,Stevens Accounting Services,"201 E Swanson Ave Ste 12, Wasilla, AK 99654",Wasilla,AK,(907) 892-0843
