url,name,address,city,state,phone
http://www.denaliservicecenter.com/,Denali Service Center LLC,"185 Creek View St, Healy, AK 99743",Healy,AK,(907) 379-0067
http://www.diehl.cpa/,Diehl CPA LLC,"1150 S Colony Way #11, Palmer, AK 99645",Palmer,AK,(907) 313-6933
http://denalibusinesssolutions.com/,"Denali Bookkeeping, LLC","7926 Old Seward Hwy Ste A7/8, Anchorage, AK 99518",Anchorage,AK,(907) 222-4613
https://splinternetmarketing.com/local-pros/ak/juneau/hesson-deakins/,Hesson & Deakins,"601 W Willoughby Ave, Juneau, AK 99801",Juneau,AK,(907) 463-5577
https://threeriversbookkeeping.com/,Three Rivers Bookkeeping,"32983 Mt Hunter Dr, Talkeetna, AK 99676",Talkeetna,AK,(907) 331-0208
http://www.elgeerehfeld.com/,Elgee Rehfeld LLC,"9309 Glacier Hwy b200, Juneau, AK 99801",Juneau,AK,(907) 789-3178
https://akcpas.com/,"Lambe, Tuter & Associates APC","189 S Binkley St #201, Soldotna, AK 99669",Soldotna,AK,(907) 262-9123
http://juneaualaskatax.com/,VL Hutton Ltd.,"9340 Glacier Hwy #43b, Juneau, AK 99801",Juneau,AK,(907) 789-3091
http://www.balancedcpas.com/,Balanced CPAs LLC,"310 K St Suite 401, Anchorage, AK 99501",Anchorage,AK,(907) 522-5445
https://denaliaccountants.com/,"Denali Accounting, LLC",,Healy,AK,(928) 272-7788
http://www.logantaxpractice.com/,Logan General Tax Practice,"2245 Jordan Ave, Juneau, AK 99801",Juneau,AK,(907) 789-3894
https://altrogco.com/,Altman Rogers & Co,"3000 C St #201, Anchorage, AK 99503",Anchorage,AK,(907) 274-2992
http://fostercpa.com/,"Foster and Company, LLC","2801 E Palmer-Wasilla Hwy, Wasilla, AK 99654",Wasilla,AK,(907) 290-5555
http://www.ch-cpa.com/,Cook & Haugeberg LLC,"Suite #300, 119 N Cushman St, Fairbanks, AK 99701",Fairbanks,AK,(907) 456-7762
https://www.interiorcommunityhealth.org/contents/healy-clinic,Interior Community Health Center,"5 Healy Spur Rd mile 0, Healy, AK 99743",Healy,AK,(907) 455-4567
http://www.basslercpa.com/,"Bassler & Redick CPAs, LLC","801 W Fireweed Ln STE 202, Anchorage, AK 99503",Anchorage,AK,(907) 272-2041
http://www.akcpa.org/,Alaska Society of Certified Public Accountants,"2600 Cordova St #211, Anchorage, AK 99503",Anchorage,AK,(907) 562-4334
http://www.wks.cpa/,"WKS, A Professional Corporation","1292 Sadler Way #220, Fairbanks, AK 99701",Fairbanks,AK,(907) 456-2222
https://rwcpaak.com/,"Robinson & Ward PC, CPA Fairbanks","3098 Airport Way, Fairbanks, AK 99709",Fairbanks,AK,(907) 474-4576
https://www.cpaalaska.com/,Laughlin Ogle & Rodgers LLC,"605 W Tudor Rd, Anchorage, AK 99503",Anchorage,AK,(907) 563-5270
http://ias-ak.com/,Interior Accountants Services Inc,"913 College Rd, Fairbanks, AK 99701",Fairbanks,AK,(907) 456-1211
http://www.thgcpa.com/,Thomas Head & Greisen,"1400 W Benson Blvd #400, Anchorage, AK 99503",Anchorage,AK,(907) 272-1571
https://www.karncpa.com/,"Karn and Associates, PC","1225 E International Airport Rd #105, Anchorage, AK 99518",Anchorage,AK,(907) 563-9143
https://chinookaccounting.com/contact-us,Chinook Accounting,"1716 University Ave S, Fairbanks, AK 99709",Fairbanks,AK,(907) 302-3494
